rank,model,composite_bal_acc,in_domain_mean_bal_acc,ood_type_mean_bal_acc,best_voi_bal_acc,includes_ood,composite_formula,separate_type_bal_acc,separate_voi_bal_acc,separate_acq_bal_acc,multihead_type_bal_acc,multihead_voi_bal_acc,multihead_acq_bal_acc,separate_ext_type_bal_acc,multihead_ext_type_bal_acc
1,resnet18,0.991858,0.989967,0.996269,0.975487,yes,0.7*in_domain_mean + 0.3*ood_type_mean,0.997863,0.975487,0.996552,0.997863,0.975487,0.996552,1.0,0.992537
2,convnext_tiny,0.991044,0.990404,0.992537,0.979363,yes,0.7*in_domain_mean + 0.3*ood_type_mean,0.997863,0.979363,0.996552,0.997863,0.97423,0.996552,0.985075,1.0
3,efficientnet_v2_s,0.99067,0.991469,0.988806,0.984496,yes,0.7*in_domain_mean + 0.3*ood_type_mean,0.997863,0.975487,0.996552,0.997863,0.984496,0.996552,0.992537,0.985075
4,maxvit_tiny,0.990455,0.992761,0.985075,0.988372,yes,0.7*in_domain_mean + 0.3*ood_type_mean,0.997863,0.979363,0.996552,0.997863,0.988372,0.996552,0.985075,0.985075
5,googlenet,0.988607,0.988522,0.988806,0.973089,yes,0.7*in_domain_mean + 0.3*ood_type_mean,0.997863,0.969213,0.996552,0.997863,0.973089,0.996552,0.977612,1.0
6,coatnet_0,0.987503,0.982147,1.0,0.961345,yes,0.7*in_domain_mean + 0.3*ood_type_mean,0.997863,0.961345,0.996552,0.995726,0.955187,0.986207,1.0,1.0
7,densenet121,0.98615,0.993007,0.970149,0.992248,yes,0.7*in_domain_mean + 0.3*ood_type_mean,0.997863,0.992248,0.996552,0.997863,0.976965,0.996552,0.992537,0.947761
8,mobilenet_v3_small,0.985855,0.981392,0.996269,0.966478,yes,0.7*in_domain_mean + 0.3*ood_type_mean,0.997863,0.933047,0.996552,0.997863,0.966478,0.996552,0.992537,1.0
9,swin_tiny,0.983732,0.983157,0.985075,0.979363,yes,0.7*in_domain_mean + 0.3*ood_type_mean,0.96453,0.96408,0.996552,0.997863,0.979363,0.996552,0.970149,1.0
10,efficientnet_b0,0.982056,0.980762,0.985075,0.971611,yes,0.7*in_domain_mean + 0.3*ood_type_mean,0.997863,0.940799,0.996552,0.981197,0.971611,0.996552,0.970149,1.0
11,vgg11,0.97744,0.991759,0.94403,0.988372,yes,0.7*in_domain_mean + 0.3*ood_type_mean,0.995726,0.975487,0.996552,0.997863,0.988372,0.996552,0.932836,0.955224
12,alexnet,0.97464,0.989358,0.940299,0.976965,yes,0.7*in_domain_mean + 0.3*ood_type_mean,0.997863,0.976965,0.996552,0.997863,0.970354,0.996552,0.91791,0.962687
13,brain_seq_linear_probe,0.952701,0.95002,0.958955,0.882648,yes,0.7*in_domain_mean + 0.3*ood_type_mean,0.987179,0.882648,0.964764,0.99359,0.882285,0.989655,0.970149,0.947761
